<?xml version='1.0' encoding='UTF-8' ?>
<!DOCTYPE mapper PUBLIC '-//mybatis.org//DTD Mapper 3.0//EN'
  'http://mybatis.org/dtd/mybatis-3-mapper.dtd'>

<mapper namespace="EmployeeMapper">
	<resultMap id="result" type="Employee">
		<id property="id" column="id" />
		<result property="firstname" column="first_name" />
		<result property="lastname" column="last_name" />
		<result property="gender" column="gender" />
		<result property="age" column="age" />
		<result property="salary" column="salary" />
		<result property="deptId" column="dept_id" />
		<result property="state" column="state" />
		<result property="city" column="city" />
		<result property="skills" column="skills" />
		<result property="address" column="address" />
		<result property="noOfEmployee" column="noOfEmployee" />
		<result property="deptName" column="deptName" />

		<association property='department' resultMap='dep' />
	</resultMap>
	<resultMap id="result1" type="SunBurst">
	<result property="state" column="state" />
		<result property="city" column="city" />
		<result property="deptName" column="deptName" />
	</resultMap>

	<resultMap id='dep' type="Department">
		<id property='dept_id' column='dept_id' />
		<result property='dept' column='dept' />
	</resultMap>
	<resultMap id='dep1' type="Department1">
		<result property='deptName' column='dept' />
	</resultMap>


	<select id='getAllEmployees' resultMap='result'
		resultType='Employee'>
        select 	E.id ,E.first_name, E.last_name, E.gender, E.age, E.salary, D.dept as deptName, E.state, E.city, E.skills, E.address from employee.department D inner join employee.employee E  on D.dept_id=E.dept_id	    
 
     </select>
     
	<delete id="deleteById" parameterType="long">
		DELETE from employee WHERE ID = #{id}
	</delete>


	<select id="getById" parameterType="long" resultMap="result">
		SELECT * FROM Employee WHERE ID = #{id};
	</select>

	<update id="update" parameterType="Employee">
		UPDATE Employee SET first_name = #{firstname},
		last_name = #{lastname},
		gender = #{gender},
		age = #{age},
		salary = #{salary},
		dept_id = #{deptId},
		state = #{state},
		city = #{city},
		skills = #{skills},
		address = #{address}
		WHERE ID = #{id};
	</update>

	<insert id="insert" parameterType="Employee">
		INSERT INTO Employee (first_name, last_name, gender, age,
		salary,dept_id,state,city,skills,address ) VALUES (#{firstname},
		#{lastname}, #{gender}, #{age},
		#{salary},#{deptId},#{state},#{city},#{skills},#{address});

		<selectKey keyProperty="id" resultType="long" order="AFTER">
			select last_insert_id() as id
		</selectKey>

	</insert>

	<select id="cityByEmployee" parameterType="Employee" resultMap='result'>

		SELECT E.city,count(E.id) as noOfEmployee FROM employee E group by E.city
	</select>

	<select id="stateByEmployee" parameterType="Employee" resultMap='result'>

		SELECT state,count(*) as noOfEmployee FROM employee group by state;
	</select>

	<select id="deptByEmployee" parameterType="Employee" resultMap='result'>
select COUNT(E.id) as noOfEmployee, D.dept as deptName from Employee E join department D on E.dept_id=D.dept_id group by D.dept
	</select>


<select id="singleRow"  parameterType="Employee" resultMap='result'>
	select E.first_name, E.last_name, E.gender, E.age, E.salary, D.dept as deptName, E.state, E.city, E.skills, E.address from employee.department D inner join employee.employee E  on D.dept_id=E.dept_id where ID=#{id}
</select>


<select id="cityByData"  parameterType="Employee" resultMap='result'>
	select 	E.id ,E.first_name, E.last_name, E.gender, E.age, E.salary, D.dept as deptName, E.state, E.city, E.skills, E.address from employee.department D inner join employee.employee E  on D.dept_id=E.dept_id
 <where>   
  
  <if test="city != null and city != ''">
     E.city = #{city}
  </if>
  

  
     </where>
</select>


<select id="Data"  parameterType="Employee" resultMap='result'>
	select 	E.id ,E.first_name, E.last_name, E.gender, E.age, E.salary, D.dept as deptName, E.state, E.city, E.skills, E.address from employee.department D inner join employee.employee E  on D.dept_id=E.dept_id
    where D.dept=#{deptName};

</select>
<select id="Data1"  parameterType="SunBurst" resultMap='result1'>
	
<!--  select 	D.dept as deptName, E.state, E.city from employee.department D inner join employee.employee E  on D.dept_id=E.dept_id -->
select S.deptName, S.state, E.city from (select D.dept as deptName, E.state from employee.department D inner join employee.employee E  on D.dept_id=E.dept_id) S join employee.employee E on S.state = E.state
</select>

<select id="allDept"  parameterType="Department1" resultMap='dep1'>
SELECT * FROM employee.department;

</select>





</mapper>